{"minX":-0.5757140145558152,"minY":-0.49244729993128583,"maxX":-0.5757139926582454,"maxY":-0.49244728741838695}